id_restaurant,nom,type_etablissement,type_de_restaurant,type_de_service,latitude,longitude,adresse_complete,telephone,horaires_ouverture,description
11185492579,Myung Ka,restaurant,korean,Standard,48.8473855,2.3041692,"19, Boulevard Garibaldi, 75015, Paris",+33 1 47 83 41 45,,
2217679723,Hội An,restaurant,vietnam,Standard,48.8254308,2.3611848,,,"Tu-Su 12:00-14:00, 19:00-21:00",
10911311886,Gigi Paris,restaurant,,Standard,48.8657165,2.303305,"15, Avenue Montaigne, 75008, Paris",+33 1 47 23 55 99,,
2500397047,Crêperie du Parc,restaurant,crepe,Standard,48.8329686,2.3010817,,,,
8093482039,Yaya,restaurant,greek,Standard,48.8811974,2.3739186,,+33 1 42 41 12 86,,
3056156780,Pho Belleville,restaurant,chinese,Standard,48.873632,2.3748477,,,,
6390592717,Sushi Gan,restaurant,japanese,Standard,48.8668579,2.3361101,,,,
251671404,Polidor,restaurant,french,Standard,48.8498182,2.3401339,,+33 1 43 26 95 34,"Mo-Su 12:00-14:30,19:00-00:30",
12259785601,Hwaro Grill,restaurant,asian;barbecue;korean,Standard,48.8453289,2.2976352,"58, Rue de la Croix Nivert, 75015",01 42 93 50 89,"Mo-Su 12:00-14:30, 19:00-22:30",
1215524265,Mer de Chine - 北海,restaurant,chineses (Teochew) - 中国潮州,Standard,48.8299382,2.3626544,,,"We-Su 12:00-15:00, Mo-Su 18:30-24:00",
7227689604,OKITO Le Peletier,restaurant,japanese,Standard,48.8753639,2.3406528,"55, Rue du Faubourg Montmartre, 75009, Paris",+33140160923,"Mo-Sa 12:00-15:00,18:30-23:00; Su 18:30-23:00",
2726770229,Le Bistro D'Alberto,restaurant,,Standard,48.8834502,2.2938754,,,,
2086423559,OYA Fusion,restaurant,,Standard,48.8754701,2.2836788,"141, Avenue de Malakoff, 75016, Paris",+33 1 40 67 18 44,,
7861045052,Khaaw Hoom,restaurant,thai,Standard,48.8464179,2.352127,,,"Mo-Sa 12:00-14:30,19:00-22:30",
7074407511,La Goyave,restaurant,,Standard,48.8958394,2.3469752,,,,
11403245745,Maison nouilles 12,restaurant,chinese,Standard,48.8478238,2.3865565,"29, Rue de Reuilly",+33 9 84 52 73 52,"Mo-Sa 11:30-15:00, 18:00-22:30",
9088810820,Bises nouilles,restaurant,asian,Standard,48.8726616,2.3756458,,,,
534660987,L'Été en Pente Douce,restaurant,,Standard,48.8863224,2.3451842,75018,,Mo-Su 12:00-24:00,
3210969433,Fratelli,restaurant,,Standard,48.8586999,2.362702,,,,
7447391351,P'tit deux comptoir de chefs,restaurant,french,Standard,48.8682905,2.373936,"57, Rue de la Fontaine au Roi, 75011, Paris",,,
6390367455,Fouxing,restaurant,chinese,Standard,48.8499497,2.3432468,,,"Mo-Fr 11:45-14:45,18:30-22:30; Sa 11:45-15:00,18:30-22:45; Su off",
4954891341,Okinawa Sushi,restaurant,,Standard,48.8715843,2.3457578,"5, Rue Rougemont, 75009, Paris",,,
1746658386,La Cigalle,restaurant,,Standard,48.850869,2.2932272,,,,
7309305046,Carboni‘s,restaurant,french,Standard,48.8617236,2.3613092,"14, Rue Charlot, 75003, Paris",+33 1 42 72 49 12,Tu-Su 12:00-14:30; Tu-Sa 19:00-02:00,
2927852338,Goui,restaurant,korean,Standard,48.8675186,2.3351949,,+33 9 83 95 67 16,,
3514716751,Monte Cristo,restaurant,italian,Standard,48.8477606,2.3654791,,,"Mo-Sa 12:00-15:00,19:00-23:00",
3197165287,Arlette,restaurant,,Standard,48.8650522,2.3663679,,,,
1244411732,Chez Rami,restaurant,lebanese,Standard,48.8467897,2.3047964,,,,
6404138285,Alfio,restaurant,,Standard,48.8580452,2.2998447,,,,
2806710509,Blend Hamburger,restaurant,burger,Standard,48.8686796,2.325547,,,Mo-Fr 12:00-15:00; Sa-Su off,
6822652646,L'Anason,restaurant,,Standard,48.8721482,2.3503342,,,,
2949332506,Villa Punjab,restaurant,indian,Standard,48.8808861,2.3021518,,,"Mo-Sa 12:00-14:30,19:00-23:30",
6352290185,L'Inspiration,restaurant,french;bistro;traditional;gourmet,Standard,48.8410478,2.3147864,"65, Boulevard Pasteur, 75015, Paris",+33143202122,,
10763780649,Piadineria,restaurant,italian,Standard,48.8553677,2.3718537,"13, Rue Saint-Sabin, 75011, Paris",+33 6 51 89 07 44,"Mo-Fr 11:30-15:00, 18:30-22:30; Sa 12:00-15:00, 19:00-23:00",
6909766620,L'Etoile d'Afrique,restaurant,,Standard,48.8739256,2.3565655,,,,
1719495039,Baja,restaurant,,Standard,48.8418455,2.390511,,,,
9957049945,Le Petit Versailles,restaurant,,Standard,48.8451447,2.2711688,,,,
10805325050,Le Repas du Temps,restaurant,,Standard,48.8745733,2.3310637,,,,
6295847898,La Source,restaurant,,Standard,48.8581632,2.3102277,"49, Boulevard de la Tour Maubourg, 75007, Paris",,,
7765035430,Fulano,restaurant,,Standard,48.892952,2.3504519,"15, Rue Boinod, 75018, Paris",,Mo-Su 12:00-23:00,
8515978525,5ushifafa,restaurant,sushi,Standard,48.8400855,2.3500898,,,,
989286977,Le Beaujolais d'Auteuil,restaurant,,Standard,48.8485735,2.2607316,"99, Boulevard de Montmorency, 75016, Paris",+33 1 47 43 03 56,Mo-Fr 08:30-00:00; Sa-Su 09:30-00:00,
704820015,L'Éléphant du Nil,restaurant,french,Standard,48.855152,2.3602439,,,Mo-Sa 07:30-01:00,
2763435496,Sam Chic,restaurant,korean,Standard,48.8678227,2.3369768,,,,
12158459775,Douieb,restaurant,oriental,Standard,48.8737799,2.3442798,"11 bis, Rue Geoffroy Marie, 75009, Paris",+33 1 47 70 86 09,,
3080019130,La Vie d'Ange,restaurant,,Standard,48.8324657,2.3375075,,,,
4187963973,Planet Sushi,restaurant,japanese,Standard,48.8843344,2.2973671,,,,
3961977756,Les Bledards,restaurant,pizza,Standard,48.8786653,2.366073,,,,
4954890929,Le Relais Paris Opéra,restaurant,,Standard,48.8713229,2.3310353,,,,
5037035721,Koff,restaurant,american,Standard,48.8847325,2.3400291,75018,,"Tu-Fr 12:00-15:00,19:00-22:30, Sa,Su 12:00-17:00,19:00-22:30",
2726778662,Tib´s,restaurant,,Standard,48.8822916,2.2913772,,,,
6031751159,IL Brigante,restaurant,pizza,Standard,48.8921794,2.3400395,"14, Rue du Ruisseau, 75018, Paris",+33 1 44927215,"Mo-Sa 12:00-14:30,19:30-23:30; Su 19:30-23:30",
6972520006,Vapiano Paris Batignolles,restaurant,italian;pasta;italian_pizza,Standard,48.8903038,2.3119124,"39, Rue Mstislav Rostropovitch, 75017, Paris",+33 1 84 14 55 33,Mo-Fr 11:00-14:30; Mo-Fr 18:00-22:30; Sa-Su 11:00-23:30,
10172473659,Kirane India,restaurant,indian,Standard,48.878029,2.2856463,,+33 1 45 74 22 88,"12:00-14:30,19:00-23:15",
10737006478,La Taverne de Zhao,restaurant,chinese,Standard,48.8416407,2.3282335,,+33 9 55 26 56 29,"Mo-Sa 12:00-14:30, 19:00-22:30",
496110514,Le Goyavier,restaurant,,Standard,48.8507756,2.3816053,,,,
4455374990,Giulia,restaurant,pizza,Standard,48.834555,2.3216633,,,,
3072958051,Recoin,restaurant,french,Standard,48.8591538,2.3688576,"60, Rue Saint-Sabin, 75011",0155286736,Mo-Fr 09:00-01:00; Sa 10:00-01:00,
3394657190,Jap & Zap,restaurant,japanese,Standard,48.8630067,2.3884535,,+33143666666,,
12137492817,Supreme Durum,restaurant,,Standard,48.8837065,2.3211697,,,Tu-Su 11:30-23:00,
9927533543,Oggi,restaurant,pizza,Standard,48.8421653,2.3246929,,,"12:00-14:30, Mo-Th 19:00-22:30, Fr-Su 19:00-23:00",
6438254085,Bistro Indochine,restaurant,,Standard,48.8308003,2.2964676,,,"Tu-Sa 12:00-14:00,19:00-22:00",
10112208737,Addis Ethiopia,restaurant,african;ethiopian,Standard,48.8802287,2.3315217,"52, Rue Blanche, 75009, Paris",,,
4748913526,Sacrée Fleur,restaurant,,Standard,48.8875531,2.3479236,,,"Mo-Sa 11:45-14:00, 19:00-22:00",
4908100122,Relais Louis XIII,restaurant,,Standard,48.8546194,2.3407781,,,,
980154485,La Place Italienne Da Faustino,restaurant,pizza,Standard,48.8950534,2.3822768,,,,
2793447085,Yoyo,restaurant,japanese,Standard,48.881371,2.289486,,,,
1824826034,Saveurs et Coïncedences,restaurant,french,Standard,48.8728885,2.3451791,,,,
4872467492,Gino,restaurant,pizza,Standard,48.8336701,2.3656418,,,,
2926043501,Pura Vida,restaurant,,Standard,48.848623,2.354846,,,,
5207272175,L'Auberge du Roi Gradlon,restaurant,,Standard,48.835281,2.3462574,,,,
9977851286,Croccante,restaurant,italian,Standard,48.8447571,2.318629,,,,
5066075025,Kozy,restaurant,,Standard,48.8846913,2.3390617,"5 bis, Rue la Vieuville, 75018, Paris",,,
7151976491,La Conserverie Paysanne,restaurant,,Standard,48.860072,2.3757067,"52, Rue Popincourt, 75011, Paris",,,
2184604587,Le Monza,restaurant,pizza,Standard,48.8211212,2.3425439,"78, Rue de l'Amiral Mouchez, 75013",,"Mo-Sa 12:00-15:00,19:00-23:00; Su off",
4123870393,Chào Em,restaurant,vietnamese,Standard,48.8406551,2.323022,,,,
4905533254,Korat,restaurant,,Standard,48.8911709,2.3280432,"143, Rue Lamarck, 75018, Paris",,,Thai food
10769142097,Sushi Hiroshi,restaurant,sushi,Standard,48.8557938,2.3720939,"16, Rue Sedaine, 75011, Paris",,,
9558699352,First LAP,restaurant,burger,Standard,48.878225,2.3404889,,,,
3475328193,Banger Burger,restaurant,,Standard,48.8620509,2.354122,,,,
12002550509,Sushi Supe,restaurant,,Standard,48.8663311,2.3490996,,,,
7193057517,Lyoom Cantine,restaurant,arab;mediterranean;oriental,Standard,48.8661091,2.3723313,"20, Rue de Nemours, 75011",+33148050052,Mo-Su 12:00-23:00,
1887354890,Ny Hav,restaurant,vietnamese,Standard,48.824851,2.3607452,,,,
3661816163,Tsreet Food Fighters,restaurant,,Standard,48.8703661,2.3463916,,,,
3339794228,L'Orange Verte,restaurant,italian,Standard,48.8799666,2.3508222,"92, Rue de Maubeuge, 75010",+33 1 40 16 45 43,"Mo-Su 12:00-15:00, 19:00-23:00",
9997195640,Rino De Nicolo,restaurant,,Standard,48.8702502,2.3106782,,,,
3824203670,Les Phénomènes,restaurant,,Standard,48.8942068,2.3204728,75017,,Mo-We 17:00-00:00; Th-Sa 17:00-02:00,
1000763319,Chez Trassoudaine,restaurant,french,Standard,48.8286456,2.3651923,,,,
2285154131,La bâche bleue,restaurant,,Standard,48.89004,2.3632191,,,,
4693696187,Mini Palais,restaurant,french,Standard,48.8654537,2.3130032,,+33 1 42 56 42 42,Mo-Su 08:00-02:00,
4125470311,Aigle d'Orient,restaurant,chinese,Standard,48.8769794,2.3444061,,,,
1700623112,Jantchi,restaurant,,Standard,48.8660415,2.3361004,,,"Mo-Fr 12:00-14:45,18:30-22:30; Sa 11:45-14:45,18:30-22:30",
622303213,Maison Cluny,restaurant,,Standard,48.8505048,2.3448291,,+33 1 56 81 82 53,,
4944559921,Firmine,restaurant,pasta;italian;pizza,Standard,48.854553,2.295332,,,Mo-Su 11:30-23:30,
3717263752,Ippudo Bastille,restaurant,ramen,Standard,48.8554154,2.3739181,,,,
1205055837,Nakatani,restaurant,french,Standard,48.8484024,2.3195757,"27, Rue Pierre Leroux, 75007",,,
4379667994,La Paillote d'Asie,restaurant,vietnamese,Standard,48.8239235,2.3735633,,,"Mo-Sa 12:00-14:30,19:00-22:00",
626580865,Paris-Hanoï,restaurant,vietnamese,Standard,48.853417,2.3799726,,,"Mo-Su 12:00-14:30,19:00-22:30",
6538313589,Tintamarre,restaurant,,Standard,48.8846802,2.3781744,,,"Tu-Sa 12:00-15:00,19:00-22:00",
3238311177,Baladna,restaurant,lebanese,Standard,48.8338388,2.3310421,"26, Place Denfert-Rochereau, 75014",+33 1 43 21 35 55,"Mo-Su 12:00-14:30, 19:00-23:00",
4935628438,Kunitoraya - Restaurant,restaurant,japanese,Standard,48.8661805,2.3362674,"5, Rue Villedo, 75001, Paris",,Mo-Sa 19:30-20:00,
9419108631,Pliage,restaurant,berber,Standard,48.8958848,2.3437254,"82, Rue Championnet, 75018, Paris",,,
1791412478,Portobello,restaurant,italian,Standard,48.8914883,2.3506742,,,,
3429286293,Le Grand Dictionnaire,restaurant,,Standard,48.837827,2.349478,,,,
9922296590,Anicia,restaurant,,Standard,48.8467155,2.3213619,,,,
4432398594,Pépone,restaurant,italian;pizza,Standard,48.8534879,2.3379911,,,,
508588144,Capucine,restaurant,,Standard,48.8508333,2.3797344,,,,
676851331,La Cantine des Tontons,restaurant,,Standard,48.8333497,2.2983671,,,,
2973419145,Les Frères Laumière,restaurant,,Standard,48.8828915,2.3811913,"3, Avenue de Laumière, 75019, Paris",+33 1 73 71 26 84,,
10187188718,La Favorita,restaurant,italian;pizza,Standard,48.8835438,2.3430022,"39, Rue d'Orsel, 75018",+33142640553,,
4424877757,GALBAR,restaurant,crepe,Standard,48.8744836,2.3481174,,+33 9 83 32 42 49,Mo-We 10:00-17:00; Th-Sa 10:00-22:00,
11405055873,Pizza Presto,restaurant,pizza,Standard,48.8740062,2.3156678,,,,
4119112299,Tea Mélodie,restaurant,,Standard,48.84552,2.4021818,"72, Boulevard de Picpus",+33146283255,Mo 10:00-18:00; Tu-Fr 10:00-22:30; Sa 10:00-18:00,
7703821266,Ya Xuan Sushi,restaurant,chinese,Standard,48.8919702,2.3269017,,,,
7169363196,Blue Monkey Cà Phê,restaurant,vietnamese;asian;international,Standard,48.8921698,2.3097755,,+33 1 42 63 29 87,Mo-Fr 08:30-23:00; Sa 11:00-23:30; Su 11:00-23:00,
9741286318,Ma Cantine Thaï,restaurant,thai,Standard,48.8741017,2.3428812,"56, Rue Richer, 75009",+33 144830230,Mo-Fr 12:00-15:00,
1657974487,La Table d'Eugène,restaurant,french,Standard,48.8911214,2.3471539,75018,,,
4647664896,Homy Food,restaurant,spanish,Standard,48.8401398,2.3870484,,,,
1486314025,Marie Belle,restaurant,,Standard,48.8708604,2.3480513,,,,
3182331487,Rarita,restaurant,italian;pizza,Standard,48.8615659,2.3422384,,,"Mo-Su 12:00-14:30,18:30-22:00",
4937400030,Mei Ko,restaurant,japanese,Standard,48.864038,2.3415356,,,"18:00-23:00, Mo-Sa 11:30-14:30",
5437375521,Guan Guan Yuan,restaurant,chinese,Standard,48.8413823,2.2665703,,,,
1896371545,Délices et saveurs,restaurant,,Standard,48.8954031,2.3374652,75018,,,
727735237,Chez Bébert,restaurant,couscous;arab,Standard,48.8438889,2.3245564,"71, Boulevard du Montparnasse, 75006, Paris",+33 1 42 22 55 31,"Mo-Su 11:30-15:00,18:30-01:00",
5807342757,Zicatela Rex,restaurant,mexican,Standard,48.8701429,2.3479768,"42, Rue Poissonnière",+33 1 73 75 70 84,"Mo-We 11:45-14:30,18:00-23:00; Th-Fr 11:45-14:30,18:00-23:30; Sa 18:00-23:30; Su 17:00-23:00",
9779075120,Biu biu Rice kitchen,restaurant,japanese,Standard,48.8666597,2.3357816,"34, Rue Sainte-Anne, 75004",,Tu-Su 12:00-15:00;18:00-22:00,
1796804553,Sunny,restaurant,,Standard,48.8789557,2.3780361,"84, Avenue Secrétan, 75019, Paris",+33 1 42 06 44 21,Mo-Su 08:00-02:00,
9569615474,Au coin des gourmets,restaurant,asian,Standard,48.8511936,2.3468162,,,,
4701887066,Extérieur Quai,restaurant,,Standard,48.8767187,2.3575413,,,,
6983801506,BMK Paris-Bamako,restaurant,african,Standard,48.8746337,2.3565083,"14, Rue de la Fidélité, 75010",,Tu-Sa 12:00-22:00,
2373094099,Bambou,restaurant,asian,Standard,48.8456676,2.3425523,,,,
939459400,Auberge Dab,restaurant,fish;seafood,Standard,48.8766202,2.2833645,"161, Avenue de Malakoff, 75016",+33145003222,,
5398207521,Iné,restaurant,,Standard,48.8719792,2.3504903,,,,
5913758023,La Cale du Cotentin,restaurant,oyster,Standard,48.8771068,2.3401626,,,,
2918045578,Laumière Sushi Thaï,restaurant,thai,Standard,48.8845755,2.3786513,,,"Mo-Su 11:30-15:00,18:30-23:00",
3876685756,Le Mathusalem,restaurant,french,Standard,48.8398254,2.2664804,"5B, Boulevard Exelmans",+33 1 42 88 10 73,,
2425344549,Têt,restaurant,vietnamese,Standard,48.8641429,2.3664356,,,,
7995899086,Cafuné,restaurant,brazilian,Standard,48.8861406,2.3187875,,,,
12018556492,Sersaf,restaurant,kurdish,Standard,48.8374107,2.3510887,,,"12:00-15:00, Mo-Fr 18:00-23:00",
3296495374,Senatore,restaurant,italian,Standard,48.8357967,2.3244375,"85, 75014, Paris",+33 7 51 04 46 14,"Mo-Sa 12:00-14:30,18:00-21:30",
9146817448,Ogata,restaurant,japanese,Standard,48.8610348,2.3634955,"16, Rue Debelleyme, 75003",+33180977680,We-Su 11:00-23:00; Mo-Tu 11:00-20:00,
6441063590,Nagoya,restaurant,sushi,Standard,48.853865,2.338735,,,"18:30-23:00, Mo-Sa 11:30-15:00",
11514276289,Kitchen,restaurant,,Standard,48.8647576,2.3480695,,,,
773603028,Le Lac de l'Ouest,restaurant,chinese;hangzhou,Standard,48.8648466,2.356833,,,,
703407303,Au Petit Thaï,restaurant,thai,Standard,48.8557934,2.3601724,,,Mo-Su 12:00-14:30;Mo-Sa 19:00-23:30,
10612542013,La Cueva,restaurant,spanish;tapas,Standard,48.8873404,2.334202,"68, Rue Lepic, 75018, Paris",+33142570731,,
6489116630,Yokoso,restaurant,sushi,Standard,48.8870403,2.3474273,,,"Mo-Sa 11:45-14:45,18:30-22:30; Su 18:30-22:30",
6832750819,Vaastu,restaurant,,Standard,48.8835468,2.3737801,"42, Avenue Jean Jaurès, 75019, Paris",,Mo-Su 12:00-14:30; Mo-Sa 19:00-23:00,
4214150492,Iovine's,restaurant,pizza,Standard,48.8723367,2.3284606,,,,
4323654291,Pizza Hut,restaurant,pizza,Standard,48.8282959,2.3729216,,,Mo-Su 11:30-23:00,
1374463835,Setaï,restaurant,asian,Standard,48.8849974,2.3872595,,,,
6459314026,Tasty Trip,restaurant,,Standard,48.8732406,2.3702963,,,,
10251484596,Cantine Libanaise,restaurant,lebanese,Standard,48.8983018,2.3743585,,,Mo-Sa 11:00-22:00;PH off,
4227071883,MyFrench Cantine,restaurant,,Standard,48.8983269,2.375164,,,,
2217482599,Jie Jia,restaurant,chinese,Standard,48.8209686,2.3644145,Avenue de Choisy,,Mo-Su 07:30-22:30,
10086428039,Amore & basta,restaurant,pizza,Standard,48.857308,2.3733351,"20, Rue Bréguet, 75011",+33 1 80 06 08 20,,
5147134754,Chez Léon,restaurant,,Standard,48.8841261,2.3143662,,,,
5574196821,The Feel,restaurant,,Standard,48.8490617,2.4091351,,,,
4908762387,Gustus,restaurant,asian,Standard,48.8417564,2.309067,,,"Mo-Fr 11:30-15:00, 18:30-21:00",
11027800758,Café Campana,restaurant,,Standard,48.8603116,2.3261376,"1, Rue de la Légion d'Honneur, 75007, Paris",,,
3022647301,Royale Charonne,restaurant,sichuan;vietnamese;chinese,Standard,48.8545618,2.3843684,,,,
5879450463,New Delhi Palace,restaurant,indian,Standard,48.8782104,2.3548615,,,"Mo-Sa 11:30-15:00,18:30-22:30",
9019374165,Ay Tacos,restaurant,,Standard,48.8595695,2.3506681,,,,
6488342466,Enishi,restaurant,,Standard,48.8887329,2.3460385,"67, Rue Labat, 75018",,,
7007440902,Restaurant Vietnamien,restaurant,vietnamese,Standard,48.8302775,2.375734,,,Mo-Su 11:30-22:45,
6254344985,Crêperie Brocéliande,restaurant,,Standard,48.884389,2.341139,,,,
5905667304,CIP20,restaurant,international,Standard,48.8721045,2.3804329,"39 bis, Rue de Tourtille, 75020, Paris",+33 9 50 73 77 22,We-Fr 12:00-15:00,
11579680426,Pizza e pasta,restaurant,,Standard,48.860084,2.3496553,,,,
6142207756,"Vero, l'Autre Cantine",restaurant,,Standard,48.8585431,2.3766299,"30, Rue Popincourt, 75011, Paris",,Mo-Fr 10:00-16:00; Sa 10:00-17:00,
3396587308,Le Paradis du Fruit,restaurant,,Standard,48.8611097,2.3450773,"4, Rue Saint-Honoré, 75001, Paris",+33 1 40 39 93 99,,
7048933279,Ave Pizza Romana,restaurant,italian;italian_pizza;pizza,Standard,48.8669444,2.3695526,"90, Rue de la Folie-Méricourt",+33 9 83 63 83 81,"Tu-Sa 12:00-14:30,19:00-23:00",
12209524801,Chez Chouette,restaurant,french,Standard,48.8608156,2.3784649,"30, Avenue Parmentier, 75011",,Mo-Fr 07:00-02:00; Sa-Su 08:00-02:00,
5594769740,Creperie-alo,restaurant,,Standard,48.862975,2.3520972,,,Mo-Fr 11:30-20:00,
2889912437,Royal Berbère,restaurant,algerian,Standard,48.8354007,2.3235093,,,"Tu-Su 12:00-14:30,18:30-22:30",
6058440587,Chez Y Lan,restaurant,vietnamese,Standard,48.8339003,2.3269636,,+33 1 43 22 39 39,"Tu-Sa 12:00-14:30,19:00-22:30",
1585553334,La retraite,restaurant,,Standard,48.8731542,2.3596489,,,,
4126166400,Le Raspail,restaurant,,Standard,48.8497951,2.3270675,,,"Mo-Fr 07:00-01:00, Sa 08:00-01:00, Su 09:00-01:00",
9983272387,Maison Park,restaurant,,Standard,48.8361592,2.2929161,,,"Tu-Fr 12:00-14:00,19:00-21:45; Sa 12:30-14:30,19:00-21:45",
8246094451,Chikoja,restaurant,korean,Standard,48.8660147,2.3354946,"14, Rue Sainte-Anne, 75001",+33 1 42 60 58 88,Mo-Su 11:30-23:30,
2575207516,Maison de Gyros,restaurant,kebab,Standard,48.8525232,2.345102,Rue Xavier Privas,,,
12150302458,Waly-Fay,restaurant,african,Standard,48.8542906,2.3818901,"6, Rue Godefroy Cavaignac, 75011",+33 1 40 24 17 79,"Mo-Sa 12:00-15:00, 19:00-00:00; Su 19:00-00:00",
3709150519,Le Chevaleret,restaurant,,Standard,48.833379,2.369637,,,,
2874646167,Virtus,restaurant,italian,Standard,48.8503285,2.3781973,,,"Tu-Su 11:30-14:30, 19:30-20:30",
5029882726,Au Bon Accueil,restaurant,french,Standard,48.8597074,2.2992208,"14, Rue de Monttessuy, 75007",+33 1 47 05 46 11,,
3213130981,Chez Janou,restaurant,regional;french,Standard,48.8567071,2.3672138,"2, Rue Roger Verlomme, 75003, Paris",+331 42 72 28 41,"Mo-Su 12:00-15:00, 19:00-22:00",Spécialités provençales
7445118687,Mogomogo,restaurant,sushi,Standard,48.8555764,2.3708147,,,"Mo-Sa 11:30-14:30,18:30-22:30",
289438236,La Table du Lancaster,restaurant,,Standard,48.8722601,2.3035046,,,,
5801889792,Momiji Sushi,restaurant,japanese,Standard,48.8789373,2.3466238,"43, Rue de Maubeuge",,,
3072954691,L'Écumoir,restaurant,italian,Standard,48.8595048,2.3686879,"64, Rue Saint-Sabin, 75011, Paris",,Mo-Fr 08:00-23:00; Sa 16:00-23:00; Su 08:00-17:00,
703122402,Le Foyer Vietnam,restaurant,,Standard,48.8422251,2.3519017,,,"Mo-Sa 12:00-14:00,19:00-22:00",
1750435701,Les Patios,restaurant,italian,Standard,48.8484832,2.3421709,,,,
9954284337,Titi Parigino,restaurant,,Standard,48.8522725,2.3884729,"Rue Bouvier, 75011, Paris",,,
5331816172,Croque Minute,restaurant,,Standard,48.8870564,2.3412642,75018,,,
6537549675,Les Saveurs du Maroc,restaurant,moroccan,Standard,48.849377,2.2901556,"51, Rue Rouelle, 75015, Paris",+33145795772,"Tu-Su 12:00-14:30, Tu-Su 19:00-23:00",
10172473671,Swadee,restaurant,thai,Standard,48.878023,2.285457,,+33 1 44 09 09 42,"19:00-23:00, Mo-Fr 12:00-14:30",
5422621504,Hanaza Sushi,restaurant,,Standard,48.8384308,2.2884998,,,,
12213977992,Au petit Chavignol,restaurant,,Standard,48.8855973,2.3102259,,,,
10862108905,Mala Boom,restaurant,chinese;sichuanese,Standard,48.8661453,2.3718926,"42, Rue Jean-Pierre Timbaud",,Mo-Su 12:00-22:30,
4954891344,Shimizu,restaurant,,Standard,48.872122,2.3465613,,,,
9620705609,Madame Rêve Café,restaurant,,Standard,48.8645248,2.3430701,"75001, Paris",,,
1824509206,Yichiban,restaurant,japanese,Standard,48.87423,2.3335755,,,,
3089619401,Le Citizen,restaurant,,Standard,48.8732114,2.3643202,,,,
6936025732,Mama Jackson,restaurant,cajun,Standard,48.8479779,2.387927,"12, Rue Claude Tillier, 75012, Paris",+33 6 16 72 78 64,,
1110738581,Papilla,restaurant,,Standard,48.8467275,2.3428741,,,,
2750490430,Gaston,restaurant,french,Standard,48.8885609,2.3172274,,,,
1696042960,Toscanino,restaurant,italian,Standard,48.8447747,2.3490909,,,"11:30-15:00,18:30-22:00, Fr-Sa 18:30-23:00",
5897513857,L'Artiste,restaurant,,Standard,48.8858156,2.3402897,"27, Rue Gabrielle, 75018, Paris",,,
10692820024,Il Caffè,restaurant,,Standard,48.8723795,2.3358569,,,,
1670155821,Oma,restaurant,,Standard,48.8693445,2.3635411,,,"Mo-Su,PH 09:30-23:00",
10940357141,Canal Poké,restaurant,asian,Standard,48.8822896,2.3337625,,,,
1282166604,China Town Belleville,restaurant,chinese,Standard,48.8732188,2.3745335,,,,
5129398546,Umi,restaurant,japanese,Standard,48.8861314,2.312156,,,,
12279240920,Foccacia club,restaurant,,Standard,48.8717253,2.3405477,,,,
2043707046,Chiang Rai Mai,restaurant,thai,Standard,48.8360026,2.2919856,,,"Mo-Sa 12:00-14:30,19:00-22:30",
582931079,L'Annexe,restaurant,,Standard,48.8487827,2.3484052,"22, Rue des Écoles, 75005, Paris",+33 1 43 54 44 57,Mo-Sa 07:00-23:00; Su 08:00-23:00,
5678455822,Le Chat Noir,restaurant,,Standard,48.8835796,2.33413,"68, Boulevard de Clichy, 75018, Paris",,,
3212067377,Fulvio,restaurant,italian,Standard,48.8614234,2.3643602,,+331 42 71 62 80,,
3596316617,Végé Saveurs,restaurant,chinese,Standard,48.8522022,2.371369,,,,
4410141991,Le Bistrot des Campagnes,restaurant,,Standard,48.8410022,2.330745,,,,
9924537230,Massyl - Au Pied du Chameau,restaurant,,Standard,48.8304013,2.3020864,,,,
4420291691,Le relais Haussmann,restaurant,,Standard,48.8753179,2.3122819,,,,
4543577199,Little Shao,restaurant,chinese,Standard,48.8718665,2.3263058,,,,
7159616227,Respiro,restaurant,pizza;italian,Standard,48.8504713,2.3494177,,,,
3622384595,Café Central,restaurant,,Standard,48.856467,2.3064503,,,,
2143923399,Le Petit Cambodge,restaurant,asian,Standard,48.8716683,2.3681098,"20, Rue Alibert, 75010, Paris",+33 1 42 45 80 88,Mo-Su 12:00-23:00,
6932925047,J'suis là,restaurant,chinese,Standard,48.8660881,2.3768023,,,"""Tous les soirs et mardi, samedi, dimanche midi""",
5955384451,Miss Bánh mì,restaurant,,Standard,48.8655787,2.346039,,,,
11349888546,Lued,restaurant,bubble_tea;ramen,Standard,48.8388385,2.323012,,,"Tu-Su 12:00-15:00,19:00-22:00",
4225805899,L'Épidon de l'Odéon,restaurant,,Standard,48.8508741,2.3393629,,+33 1 45 41 26 71,"Mo-Sa 11:30-15:00,18:00-24:00",
10977176550,Pane & Olio,restaurant,italian,Standard,48.8504941,2.2672773,,,,
3506897281,Le Soixante Douze,restaurant,caribbean,Standard,48.8309871,2.374699,"72, Rue du Chevaleret, 75013",,Mo-Su 17:00-20:00,
10805664405,Canal Poke,restaurant,international;japanese,Standard,48.8693226,2.3344935,"5, Rue de la Michodière, 75002",,Mo-Fr 12:00-15:00,
3957247427,RORI,restaurant,,Standard,48.867761,2.3780632,"96, Rue Jean-Pierre Timbaud, 75011",,We-Su 12:00-01:30,
1445872328,Les Demoiselles de Lorette,restaurant,french,Standard,48.8764828,2.3370142,,,,
6536852216,Bao Bao,restaurant,chinese,Standard,48.8528111,2.3892705,"4, Rue Alexandre Dumas, 75011, Paris",+33 1 43 48 05 11,"Mo-Sa 11:30-15:00,18:30-23:00",
12424876161,Le Trait d'Union,restaurant,,Standard,48.855244,2.3919028,,,,
10203724131,Liife – Montorgueil,restaurant,,Standard,48.8675948,2.3472573,"33, Rue des Petits Carreaux, 75002, Paris",+33 7 49 04 67 27,,
9875512852,Thao Ly,restaurant,cambodian,Standard,48.8394734,2.3459706,,,"Mo-Sa 11:30-14:30,18:30-22:00",
3265542988,Caffe Soprano,restaurant,italian,Standard,48.8649026,2.3629604,,+331 42 72 72 60,,
8665961444,Le Vieux Belleville,restaurant,,Standard,48.8716552,2.3863738,,,"Mo 11:00-15:00; Tu 11:00-23:59; We 00:00-02:00, 11:00-15:00; Th 11:00-23:59; Fr 00:00-02:00, 11:00-23:59; Sa 00:00-02:00, 18:30-23:59; Su 00:00-02:00",
2685572988,Benoit,restaurant,,Standard,48.8584204,2.3500601,"20, Rue Saint-Martin, 75004, Paris",,"Mo-Su 12:00-14:00,19:00-21:30",
3804195347,Café de New York,restaurant,italian,Standard,48.8721613,2.3028433,,+33 1 42 56 05 06,,
8335870256,Le Narval,restaurant,,Standard,48.8639569,2.3990026,,,,
9055762502,MONGOO,restaurant,salad,Standard,48.8747342,2.3296789,"24, Rue Joubert, 75009, Paris",,Mo-Fr 11:30-14:30,
3518967825,Etsi,restaurant,greek,Standard,48.8903669,2.3329368,"23, Eugène Carrière, 75018, Paris",+33 1 71 50 00 80,Tu-Fr 18:00-01:00;Sa 12:00-01:00;Su 12:00-15:00,
508599773,Edo Sushi,restaurant,japanese,Standard,48.8410573,2.3873134,,,Mo-Sa 11:30-14:30; Mo-Su 18:00-22:30,
676748255,Le Caveau du Palais,restaurant,,Standard,48.8565275,2.3420348,,,,
1490922397,Satoshi,restaurant,japanese,Standard,48.8666564,2.336983,"29, Rue des Petits Champs, 75001",,,
9868201871,Basilic Thaï,restaurant,thai,Standard,48.8424115,2.3276911,"98, Boulevard du Montparnasse, 75014",+33 1 43 27 18 02,,
2575207519,Pan Asie,restaurant,japanese,Standard,48.8524175,2.3449001,,,,
7478254185,Sushi Juliette,restaurant,sushi,Standard,48.8351251,2.3262452,75014,+33 1 45 38 96 84,"Mo-Su 18:30-22:30, Su-Fr 11:30-15:00",
5321949849,Kurry Up,restaurant,indian,Standard,48.88082,2.2991127,,,,
2685588249,Restaurant China,restaurant,chinese,Standard,48.8586577,2.3512239,,,,
2039904973,Léon,restaurant,friture,Standard,48.8704351,2.3043615,,,Mo-Th 11:45-00:00; Fr-Su 11:45-01:00,
11383747669,Le Petit Relais,restaurant,,Standard,48.8387531,2.3960754,,,,
702537440,Matsu Sushi,restaurant,japanese,Standard,48.864016,2.3502461,,,,
5381388490,Le Bienvenu,restaurant,moroccan,Standard,48.8658319,2.3435694,,,,
9742156663,Pizza Hut,restaurant,pizza,Standard,48.8558392,2.2804336,,,Mo 11:30-22:30; Tu-Sa 11:30-23:00; Su 12:00-23:00,
8143294897,Au Port du Salut,restaurant,,Standard,48.846012,2.3430389,"163 bis, Rue Saint-Jacques, 75005",,Mo-Su 11:30-23:00,
6950940985,Madison Caffé,restaurant,italian,Standard,48.8583702,2.2732256,"10, Chaussée de la Muette",,,
937175929,Brasserie Victor Hugo,restaurant,,Standard,48.8701476,2.2854874,"4, Place Victor Hugo, 75016, Paris",+33 1 42 73 30 43,Mo-Fr 06:00-02:00; Sa 07:00-02:00; Su 08:00-02:00,
3450962809,Café Gaité,restaurant,,Standard,48.8404594,2.3240309,75014,,,
1596738672,Sushi Star,restaurant,japanese,Standard,48.8469541,2.4077243,,,"Tu-Su 11:30-14:30,18:30-22:30",
3379363204,Moulin de la Galette,restaurant,french,Standard,48.8873512,2.3371414,"83, Rue Lepic, 75018",+33 1 46 06 84 77,Mo-Su 12:00-23:00,
2086399157,Mona Lisa,restaurant,,Standard,48.8405382,2.3159804,,,,
9550219138,Petit Nuage,restaurant,,Standard,48.8564579,2.3780164,"51, Rue Basfroi, 75011, Paris",,,
4357381797,Royal Tandoori,restaurant,indian,Standard,48.8402634,2.3988788,,,"Mo-Su 12:00-14:30,19:00-23:30",
6407665792,Le Bouquet Wagram,restaurant,french,Standard,48.8851228,2.3030535,"145, Avenue de Wagram, 75017, Paris",,Mo-Sa 07:00-23:00,
4420291789,Diwan Paris,restaurant,lebanese,Standard,48.8752255,2.3094084,,,,
4581757989,Havanita Café,restaurant,,Standard,48.8539965,2.3722413,,,,
3519034271,Les Initiés,restaurant,,Standard,48.8958765,2.3432915,"84, Rue Championnet, 75018, Paris",+33 1 46 06 13 94,,
3616128368,Little Italy,restaurant,,Standard,48.8835815,2.3265373,,,,
4142638989,Schwartz's Deli,restaurant,burger,Standard,48.8805135,2.2954275,,,,
12174273307,Impronta,restaurant,italian,Standard,48.8495817,2.3887896,"273, Rue du Faubourg Saint-Antoine",+33 1 45 67 19 05,"We-Mo 12:00-14:30,19:00-22:30",
1366641289,Le Granite,restaurant,,Standard,48.8400603,2.2864594,,+33145584317,,
5472644490,Radio Eat,restaurant,french;regional;seafood,Standard,48.8521889,2.2792206,"116, Avenue du Président Kennedy, 75016, Paris",+33 1 47 20 00 29,Mo-Su 11:00-23:00,
7552333974,Dad's Den,restaurant,italian,Standard,48.8534362,2.3611851,,,,
299728241,Le Roi du Pot-au-Feu,restaurant,french,Standard,48.8721672,2.326644,"34, Rue Vignon, 75009, Paris",+33 1 47 42 37 10,,
497348562,La Galette du Moulin,restaurant,crepe,Standard,48.884117,2.3374577,"75018, Paris",,,
8514412785,Malibu Lounge,restaurant,african,Standard,48.8229468,2.3577257,,,,
6312748485,Le Potager de Charlotte,restaurant,,Standard,48.8816005,2.2979993,,,"Th-Sa 12:00-14:30, 19:00-22:30; We 19:00-22:30; Su 11:00-15:00",
7211522065,Côme Victoire,restaurant,bowl;pita,Standard,48.8748219,2.3309699,"91, Rue de la Victoire, 75009, Paris",+33 1 40 35 04 31,Mo-Fr 10:00-15:15,
8827956517,Sushi Fresh,restaurant,japanese;sushi,Standard,48.8428523,2.3381084,,+33 9 83 60 42 28,"11:00-15:00,17:30-22:30",
1430135356,O'Riz Blanc,restaurant,asian,Standard,48.8704356,2.3764056,,,,
2534780416,Le Souvlaki Athénien,restaurant,greek,Standard,48.8530293,2.3452843,Rue de la Huchette,,,
4355994893,Chipahuafco,restaurant,,Standard,48.8844524,2.3196245,,,,
5026230534,Amâlia,restaurant,,Standard,48.8681454,2.3717299,"32, Rue de la Fontaine au Roi",,"Mo-Tu off; We-Fr 19:30-21:30; Sa-Su 12:30-13:30,19:30-21:30",
9849041608,Le Petit Médicis,restaurant,,Standard,48.8480014,2.3400393,,,,
7491742085,O Bella Ciao,restaurant,italian,Standard,48.8339444,2.3246597,,,,
4044332041,PH7,restaurant,,Standard,48.8729555,2.338495,,,,
2874614693,,restaurant,,Standard,48.8496527,2.3779307,"Rue de Cotte, 75012",,,
1049450307,Enzo,restaurant,pizza,Standard,48.8354105,2.3259072,75014,+33 1 43 21 66 66,,
6280619788,Idea Sushi,restaurant,japanese,Standard,48.886455,2.3930101,,,"18:10-23:00, Mo-Sa 11:00-15:00",
3625308991,Pho Gambetta,restaurant,vietnamese,Standard,48.8651105,2.3957767,,,,
2350539140,Chez Aicha,restaurant,,Standard,48.8867265,2.3692541,,,,
2335048666,Mota,restaurant,,Standard,48.8745933,2.3307016,,,,
2036587088,Pizza Vesuvio,restaurant,pizza,Standard,48.8708682,2.3020203,,,,
2556489615,Traiteur Ji Li,restaurant,asian,Standard,48.850119,2.2938779,,+33145788219,,
5954069370,Les Chartrons,restaurant,french,Standard,48.8644361,2.3577998,"2, Rue au Maire, 75003, Paris",,,
2207102119,Jaisalmer,restaurant,indian,Standard,48.8641688,2.3976584,,,,
3726440026,Les Artistes,restaurant,italian,Standard,48.8496214,2.2953917,,,,
11533863169,Clutch,restaurant,,Standard,48.8503911,2.3901426,"62, Rue de Montreuil, 75011",,,
4823836371,Shah,restaurant,african,Standard,48.8773454,2.3555297,,,,
1313543657,Patati Patata,restaurant,,Standard,48.8529654,2.3743037,,,Mo-Th 11:30-23:30; Fr-Sa 11:30-01:30,
9797562742,Au Bourguignon du Marais,restaurant,,Standard,48.8554433,2.3574913,,+33 1 48 87 15 40,12:00-23:00,
2730945396,Le Petit Prince de Paris,restaurant,french,Standard,48.848483,2.3465489,"12, Rue de Lanneau, 75005, Paris",+33 1 43 54 77 26,Tu-Su 19:00-01:00,
7725333226,L'Envers du Décor,restaurant,bistro,Standard,48.8791185,2.3188257,"70, Rue du Rocher, 75008, Paris",,"Mo-Sa 09:00-15:00, Tu-Sa 18:00-24:00",
3289702375,Zavicaj (Au pays natal),restaurant,balkan,Standard,48.893728,2.3508535,"16, Rue du Simplon, 75018",+33 1 42 52 13 12,,
5530392619,U Mulinu,restaurant,corsican,Standard,48.8410668,2.3622321,,,Mo-Sa 11:00-02:00,
11005439177,Kalank,restaurant,mediterranean,Standard,48.851936,2.3983329,"52, Boulevard de Charonne, 75020, Paris",+33 1 43 73 60 96,Mo-Sa 09:00-19:00,
4954891729,Tesoro d'Italia,restaurant,pasta,Standard,48.8716893,2.3457887,"7, Rue Rougemont, 75009",+33147706311,"Mo-Sa 12:00-15:00,18:30-23:00",
3643097995,Sangeet,restaurant,indian;nepalese;asian;middle_eastern,Standard,48.8320253,2.3443178,"64, Rue de la Glacière, 75013, Paris",+33 1 45 30 95 42,"Mo-Sa 12:00-14:30, 18:30-23:00",
5452165724,Art & Thé,restaurant,,Standard,48.858972,2.3858422,,,,
10691348435,L'Entracte,restaurant,,Standard,48.8647942,2.3971541,,,,
9843859460,El Cervantes,restaurant,tapas,Standard,48.8402035,2.350208,,,,
5802043753,kirin,restaurant,japanese,Standard,48.8890068,2.3164557,,,,
6321669285,Le Louis,restaurant,french,Standard,48.8642595,2.3413328,,,"Mo-Fr 08:00-14:30, Th-Sa 19:00-22:00, Sa,Su 11:00-16:00",
1197653504,Fu Yuan 福苑,restaurant,chinese,Standard,48.8465108,2.3809808,,+33 1 43 45 44 30,,
12038064993,loov',restaurant,,Standard,48.866282,2.3640273,"16, Passage Vendôme",,,
3174405062,Jing - traiteur asiatique,restaurant,asian,Standard,48.8413006,2.3075758,,,,
5630343224,Zozan,restaurant,,Standard,48.8923279,2.3306854,"82, Rue Joseph de Maistre, 75018, Paris",,,
5422621518,Le 347,restaurant,,Standard,48.8367111,2.2835484,,,Mo-Su 07:00-02:00,
3112787133,Taverna,restaurant,,Standard,48.859352,2.3683386,,,,
689178618,Dédé la Frite,restaurant,,Standard,48.8698115,2.342622,,,,
6947539613,La Bringue,restaurant,french,Standard,48.8714242,2.3624095,,,"Mo-Su 12:00-15:00, Mo-Su 17:00-01:30",
2655906794,Park Avenue Caviar Poisson + Agence Cosmic,restaurant,,Standard,48.8674112,2.3229787,,,,
3322054184,Tonton Yün,restaurant,asian,Standard,48.8773768,2.3515939,,+33 1 48 24 14 95,,
1477602785,Laï-laï Ken,restaurant,japanese,Standard,48.8657884,2.3351488,,,,
626585221,Paloma,restaurant,,Standard,48.8723117,2.3823173,,,"Mo-Fr 12:00-14:00, Tu-Sa 18:00-23:00",
2733545348,La Mascotte,restaurant,,Standard,48.877699,2.2990901,,,,
3272379913,Beaucoup,restaurant,french,Standard,48.8614963,2.3660517,,+331 42 77 38 47,Mo-Fr 18:00-00:00; Sa-Su 12:00-00:00,
3387747693,Le Paname,restaurant,,Standard,48.8629898,2.3485949,,,,
1869857245,Collines d'Asie,restaurant,asian,Standard,48.8857489,2.345245,"21, Rue André del Sarte, 75018, Paris",,"Mo-Fr 11:30-14:30,18:45-22:00; Sa 12:00-15:00, 18:45-22:00; Aug 11-Sep 3 off",
7262052554,Yemma,restaurant,arab;moroccan,Street Food,48.8617725,2.3828818,"119, Rue du Chemin Vert, 75011, Paris",+33 1 48 05 67 07,Mo-Su 12:00-23:00,La gastronomie marocaine revisité à la cool par des Africanados de la street food.
5239742967,Le Robinet,restaurant,french,Standard,48.8659133,2.3836677,,+33 1 47 00 03 66,"12:00-14:30,18:00-02:00",
7812425355,Kisoro,restaurant,sushi,Standard,48.8740545,2.3157767,,,,
5062019472,Nolita's,restaurant,pizza,Standard,48.8684028,2.3664068,,,,
6833100797,L'Énigme,restaurant,,Standard,48.8629563,2.3515589,,,,
6498671943,Pink Flamingo,restaurant,,Standard,48.8412163,2.3931621,,,"Su-Th 12:00-15:00, Th,Su 19:00-23:00, Fr,Sa 12:00-15:00,19:00-24:00",
3662339190,Populo,restaurant,,Standard,48.8659481,2.3700018,"24, Avenue de la République, 75011, Paris",,,
6635192351,James Bun,restaurant,asian,Standard,48.8661966,2.380016,"126, Rue Oberkampf, 75011, Paris",+33 1 43 87 90 13,Mo-Su 12:00-23:00,
3145533093,Tire Bouchon,restaurant,french,Bar / Cave à vin,48.8614246,2.3780238,"3, Rue du Général Renault, 75011, Paris",,,Bistrot. Bar à vin.
7995245678,Maison Pradier,restaurant,,Standard,48.8390972,2.3693369,,,,
3261498680,Pierre Sang,restaurant,korean,Standard,48.8647,2.3723457,"55, Rue Oberkampf, 75011, Paris",+33 9 67 31 96 80,"Mo-Su 12:00-15:00,19:00-23:00",
8855964840,Le rencard,restaurant,kebab,Standard,48.8314409,2.313655,,,Mo-Su 11:00-02:00,
4742842405,L'Initial,restaurant,,Standard,48.8506951,2.350464,"9, Rue de Bièvre, 75005, Paris",,"Tu 19:00-21:30; We,Sa 12:00-13:30,19:00-21:30",
5030300522,Restaurant Lasserre,restaurant,fine_dining,Standard,48.8663234,2.3099159,,,"Tu-We, Sa 19:00-22:00; Th-Fr 12:00-22:00",
2450320519,Il Seguito,restaurant,italian,Standard,48.857608,2.3683587,,,"Mo-Su 12:00-14:30, 18:30-23:30",
3147473574,Minatonio,restaurant,italian,Standard,48.8621061,2.3774625,"6, Rue Saint-Ambroise",+33 1 83 06 81 52,,
6274159288,Aroi Dee,restaurant,thai,Standard,48.8503785,2.2706407,,+33 1 42 24 55 41,"Th-Tu 11:30-14:30, 18:30-22:30",
1477622193,Kitchen Story,restaurant,chinese,Standard,48.8645327,2.3566308,,,,
9667186285,Terronia,restaurant,,Standard,48.8457441,2.3538185,,,"Mo,Tu,Th-Sa 12:00-14:00,19:00-22:00",
1849395045,Le Provençal,restaurant,french,Standard,48.8515069,2.4066855,,,,
2267078074,Eden Flower,restaurant,,Standard,48.8904554,2.3613786,,,,
11034409038,Sixtine,restaurant,,Standard,48.8726721,2.336528,,,,
3708580902,Gloria,restaurant,,Standard,48.8836005,2.3422276,,,,
986921159,Aux Artistes,restaurant,french,Standard,48.8406121,2.3131248,,,"Mo-Fr 12:00-14:30, Mo-Sa 19:30-22:30",
6475822285,Mazazic,restaurant,lebanese,Standard,48.8497613,2.3860373,"210, Rue du Faubourg Saint-Antoine",+33 1 43 48 86 58,,
251043137,La Perla,restaurant,mexican,Standard,48.8557588,2.3561398,,,Mo-Su 12:00-24:00,
3181230079,Cosmos Café,restaurant,,Standard,48.8558694,2.3750863,"53, Rue de la Roquette, 75011",+33 1 43 14 25 83,Mo-Su 08:00-02:00,
12116843280,,restaurant,,Standard,48.8893643,2.3048806,,,,
3234481794,Black Pinky,restaurant,asian,Standard,48.8390827,2.3229636,,,"Tu-Su 12:00-14:30,19:00-23:30",
5820333353,Les Agapes,restaurant,,Standard,48.8380221,2.2596516,,+33 1 46 51 13 71,,
5667593337,Semoule,restaurant,,Standard,48.8737555,2.3428335,,,,
2126310150,Okayama,restaurant,japanese,Standard,48.8495349,2.2915103,,,"Mo-Sa 11:30-15:00,18:30-23:00; Su 18:00-23:00",
9540539717,Délices,restaurant,asian,Standard,48.8538369,2.3709882,,,,
10937157406,BALDORIA Pizzas - Sébastopol,restaurant,,Standard,48.867266,2.3528745,"115, Boulevard de Sébastopol, 75002",,,
9426890991,Chasse Marée,restaurant,seafood,Standard,48.8543421,2.2690108,,,,
4699902490,Pierre Gagnaire,restaurant,fine_dining,Standard,48.8733364,2.3004153,,,,
4841263421,Clasico,restaurant,argentinian,Standard,48.8500274,2.3779698,"27, Rue de Cotte, 75012",+33156069514,"Mo-Su 12:00-15:00,18:00-23:00",
2217450568,Ngoc Xuyén SàiGòn,restaurant,vietnamese,Standard,48.8229131,2.3618148,,,Mo-Sa 09:30-17:00,
879643697,Thensurabi,restaurant,indian,Standard,48.8834986,2.3610115,,,,
5116538319,Au Couscous des Batignolles,restaurant,moroccan,Standard,48.8856691,2.3166366,,+33142120942,,
10830590620,Aux anysetiers du roy,restaurant,,Standard,48.8523635,2.3548775,,,,
6486255885,Restaurant Végé,restaurant,,Standard,48.8459617,2.2954314,,,Mo-Sa 11:00-24:00,
10869266096,Dame,restaurant,mexican,Standard,48.8528851,2.3421889,,,"12:00-15:00,19:00-24:00",Restaurant de l'hôtel avec une entrée indépendante côté nord.
5093982522,Mindelo,restaurant,portuguese,Standard,48.8358223,2.3465095,,,"mo-sa 11:30-14:30, tu-sa 18:30-22:30",
10308274409,Pépé Ronchon,restaurant,pizza,Standard,48.8767002,2.3360435,Rue Saint-Lazare,,,
10782706377,L'intermède,restaurant,,Standard,48.8373868,2.3602738,,,"Mo 08:00-23:59; Tu-Fr 00:00-02:00, 08:00-23:59; Sa 00:00-02:00, 11:00-23:59; Su 00:00-02:00",
5904638885,Canard Street,restaurant,french,Standard,48.866743,2.3372233,"16, Rue des Petits Champs, 75002",,"Mo-Fr 11:45-14:00, 19:00-22:00; Sa 11:45-15:30, 19:00-22:30; Su 11:45-15:30",
11063430375,Juste,restaurant,,Standard,48.8750353,2.3385009,"48, Rue laffitte",+33 9 82 33 93 47,"Mo 18:30-22:30; Tu-Fr 12:00-14:30, 18:30-22:30; Sa 12:00-15:30, 18:30-23:00",
3172209749,L'Atelier des Artistes,restaurant,,Standard,48.8661063,2.3670152,,+331 47 00 55 71,Tu-Sa 18:00-02:00,
1006225678,Maison Blanche,restaurant,,Standard,48.8655911,2.3030514,,+33147235599,,
3670406239,Chez Toni,restaurant,pizza,Standard,48.871926,2.310263,,,,
1477656334,Sushi room,restaurant,,Standard,48.8634031,2.3695037,,,,
3559302848,Le Mac-Mahon,restaurant,,Standard,48.8764561,2.2942937,,,,
1144156468,Le Petit Journal Saint-Michel,restaurant,,Standard,48.8463439,2.340575,"71, Boulevard Saint-Michel",,,
11212389349,Restaurant Victor,restaurant,,Standard,48.8668965,2.2875294,,,,
4195558707,喜心,restaurant,noodle,Standard,48.8702307,2.3107483,,,"Mo-Su 11:45-14:30, 19:00-23:00",
534904407,Entre les Vignes,restaurant,french,Standard,48.8462167,2.3753959,,,"Mo-Sa 12:00-14:30,19:30-21:30",
2772914970,L'Île aux Cerfs,restaurant,mauritian,Standard,48.8701642,2.3537129,,,,
2329539550,Petrossian,restaurant,,Standard,48.8610209,2.3105163,,,,
12042540951,Tweedy's du poulet bien sûr!,restaurant,,Standard,48.8538918,2.3814148,,,,
5030307322,Le Bistrot d'Yves,restaurant,french,Standard,48.8821584,2.3038688,,,,
3102381730,Le Contact,restaurant,,Bar / Cave à vin,48.8926611,2.3805354,,,,Bar - Restaurant
5247801752,Kapunka,restaurant,thai,Standard,48.8414819,2.3259117,,+33 1 45 48 72 27,"Mo-Su 11:30-14:30,18:00-22:30",
5363900234,ELO,restaurant,,Standard,48.8588664,2.3496464,,,,
1784619141,Chez Lucette,restaurant,french,Standard,48.8934317,2.3232522,,+33 1 46 27 72 54,"Mo-Sa 12:00-15:00,19:00-23:00; Tu off",
2139915871,Aji Ramen,restaurant,japanese,Standard,48.8841484,2.3227392,,,"Mo-Su 11:30-15:00,18:00-23:00",
11074177159,Faubourg Daimant,restaurant,regional,Standard,48.8723043,2.3480192,"20, Rue du Faubourg Poissonnière, 75010, Paris",,"Mo-Fr 12:00-14:30,19:00-22:30, Sa-Su 12:00-15:00,19:00-22:30",
4425578690,Casa Botticelli,restaurant,italian,Standard,48.8561829,2.3950942,"142, Boulevard de Charonne, 75020, Paris",+33 1 43 67 57 66,"Mo-Fr 11:00-14:15,19:00-23:00, Sa,Su,PH 11:00-14:30,19:00-23:00",
3688329084,Aglio e Olio,restaurant,italian,Standard,48.8633548,2.3797353,,+33 1 47 00 70 95,"Tu-Sa 12:00-14:00,19:00-22:00",
1667567942,La Timbale,restaurant,french;burger,Standard,48.8944545,2.3452626,"2, Rue Versigny, 75018, Paris",+33 1 42 55 03 59,Mo-Fr 07:00-02:00; Sa 09:00-02:00; Su 09:00-18:00,
2394065585,Fondue Zhangge,restaurant,,Standard,48.8615809,2.3491735,,,,
11279905203,Délices d'Italie,restaurant,pizza,Standard,48.8834451,2.3683149,,,,
4409264400,La Table d’Hami,restaurant,korean,Standard,48.8414393,2.3554283,"5, Rue Daubenton, 75005, Paris",,"Mo-Sa 12:00-14:45, 19:30-22:30",
3112787023,Korus,restaurant,french,Standard,48.8592057,2.3681449,"73, Rue Amelot, 75011, Paris",+33 1 55 28 53 31,"We-Sa 12:00-14:00,We-SA 19:00-22:00, Su 19:00-22:00",
5245548022,Lemoine,restaurant,cake,Standard,48.8597621,2.3076874,,,,
254493346,Café Jacquemart-André,restaurant,,Standard,48.8755021,2.3103942,,,"Mo-Fr 11:45-17:30; Sa-Su 11:00-17:30 ""lors des nocturnes, lundis et samedis jusqu'à 19h, dernière admission 18h30""",
2931860402,Shinzzo,restaurant,asian,Standard,48.8848752,2.3926673,,,,
3672097792,Bigo,restaurant,,Standard,48.861827,2.3436366,"37, Rue Berger, 75001, Paris",,,Anciennement : Bistrot d'Eustache
2273222569,Bambou,restaurant,chinese,Standard,48.8438068,2.282892,,,,
3274671117,Bistrotters,restaurant,,Standard,48.8328233,2.3148509,"9, Rue Decrès, 75014, Paris",,,
3373150214,Pizza Maria,restaurant,italian;pizza,Standard,48.8637558,2.3626358,"17, Rue de Picardie, 75003, Paris",+33 1 42 76 94 15,,
12174262710,Le Dorian,restaurant,,Standard,48.8535607,2.3930063,,,,
6910317912,Moshi1,restaurant,japanese,Standard,48.8495945,2.2762652,,,"Mo-Sa 12:00-14:30, 18:30-22:30",
2915712101,CODA,restaurant,french,Standard,48.8777223,2.3322319,"15, Rue de la Tour des Dames, 75009, Paris",+33148745033,,
2757797371,Mondol Kiri,restaurant,cambodian,Standard,48.8281213,2.3581379,,,"Tu-Su 12:00-14:30,19:00-23:00",
8016720362,Primo,restaurant,pizza,Standard,48.855712,2.3576733,,,,
11300159070,Café Botelli,restaurant,,Standard,48.8687984,2.3557753,,,Tu-Su 08:00-23:59,
2919533744,,restaurant,,Standard,48.8827047,2.3800827,,,,
10049832114,Pokesake,restaurant,,Standard,48.8702055,2.3493301,,,,
5075018123,Liquide par Substance,restaurant,french,Standard,48.8610085,2.3423801,,,,
2910009243,Marty,restaurant,french,Standard,48.8372979,2.351117,,,"Mo-Su 12:00-14:30,19:00-22:30",
3594411466,Crêperie Elo,restaurant,,Standard,48.853292,2.3672601,,,,
2876169595,Restaurant Lara,restaurant,kebab;turkish,Standard,48.8468502,2.3840282,"88, Boulevard Diderot, 75012, Paris",,,
4984609522,Le Muguet,restaurant,brasserie,Standard,48.849711,2.3974374,"3, Avenue de Taillebourg, 75020, Paris",,,
5116127524,Mamma Primi,restaurant,italian,Standard,48.8835592,2.3206125,,,,
5963982628,Daily Pic,restaurant,,Standard,48.8542408,2.3252715,,,,
2788471656,Bistrot 88,restaurant,,Standard,48.8418378,2.3496214,,,,
9434732113,Full Moon,restaurant,kebab,Standard,48.8955482,2.3173601,,,"Sa-Th 11:00-23:00; Fr 11:00-13:30,14:30-23:00",
2996094229,Yaki,restaurant,japanese,Standard,48.8394846,2.3232763,,,"18:30-23:15, Mo-Sa 11:30-15:00",
10174735537,L'Escale de Plaisance,restaurant,kebab,Standard,48.8322814,2.3130703,"149, Rue de l'Ouest, 75014",+33 1 74 30 61 53,,
12327499601,Rempah,restaurant,indonesian,Standard,48.8815369,2.3478956,,,,
7242916435,Crêperie du Palais,restaurant,crepe,Standard,48.8926403,2.3102137,,+33 1 42 46 65 23,Mo-Sa 11:30-14:30; Mo-Sa 18:30-22:30,
2575207522,Bistrot 20,restaurant,Savoie,Standard,48.8524287,2.3453483,,,,
251047682,Terrasse Sainte-Catherine,restaurant,,Standard,48.85559,2.3628253,,,,
3674410145,Kakdougui,restaurant,korean,Standard,48.8300357,2.3298105,,+33 1 43 22 45 48,"Tu-Su 12:00-14:30, 19:00-22:30",
10604130705,Le Bistrot de Longchamp,restaurant,portuguese,Standard,48.8651121,2.2892094,"40, Rue de Longchamp",+33 1 47 27 53 50,Mo-Fr 07:00-21:00,
3949867058,Fraulino,restaurant,italian,Standard,48.84384,2.3882657,"25, Rue Montgallet, 75012, Paris",+33 1 73 70 98 98,"Tu-Fr 12:00-14:30,19:00-22:30; Mo,Sa 19:00-22:30",
4825877424,La Cantina,restaurant,french,Standard,48.8472442,2.3058445,,,,
773531725,Le Vertbois,restaurant,,Standard,48.8671314,2.3577761,,,,
1668733595,Pasticcio,restaurant,,Standard,48.89413,2.345806,"43, Rue Hermel",+33 1 42 58 34 22,"Mo-Su 12:00-14:30,19:00-22:30",
4843622522,Le Sanglier Bleu,restaurant,french,Standard,48.8843073,2.3314967,"102, Boulevard de Clichy, 75018, Paris",,,
2126361721,Matteo,restaurant,pizza,Standard,48.8729655,2.3432485,"Rue du Faubourg Montmartre, Paris",,,
3889206359,Noudobar,restaurant,,Standard,48.8646422,2.3500939,,,"Tu-Sa 12:00-14:00, 19:00-22:00",
706168394,Les Bains Paris,restaurant,,Standard,48.8639041,2.3519964,,+33 1 42 77 07 07,,
1843639329,The Hollywood Savoy,restaurant,,Standard,48.8691169,2.3422291,,,,
9041326517,,restaurant,,Standard,48.8710378,2.361229,,,,
11090136337,Liziba Chongqing Chicken Pot,restaurant,Chinese; sichuan,Standard,48.8740938,2.3455585,,,"Mo,We-Sa 11:00-15:00,18:00-23:00",
12241524201,Vendredi Soir,restaurant,,Standard,48.8748397,2.3592156,,,,
3396587403,Mimosa,restaurant,,Standard,48.8608323,2.3445264,,,Mo-Sa 11:30-23:30,
7887220602,Café de l'Époque,restaurant,regional,Standard,48.8629541,2.3396633,,,,
3141881062,Café d'amour,restaurant,,Standard,48.860964,2.3814516,,,,
4843645422,Chez Jampee,restaurant,,Standard,48.8825693,2.345378,,,,
5013048622,Packiams,restaurant,,Standard,48.8753841,2.3580732,,,,
9683437427,Caffe dei Fratelli,restaurant,italian;pizza;pasta,Standard,48.86482,2.333064,"10, Rue des Pyramides, 75001, Paris",+33 1 72 60 73 81,,Italian restaurant
2426482853,L'Anecdote,restaurant,french,Standard,48.8470187,2.3689949,,,,
3475021414,L'Ami Georges,restaurant,,Standard,48.8690995,2.3384634,,,,
4410260116,Montée,restaurant,french,Standard,48.8407874,2.3307093,,+33 1 43 25 57 63,"Tu-Sa 12:00-14:00,19:30-21:30 ""by appointment""",
975023635,Le n°41,restaurant,french,Standard,48.8551767,2.2700634,,,Mo-Su 07:00-24:00,
8121110502,Delta Sharing Food,restaurant,,Standard,48.8524091,2.3344021,,,"Tu-We 12:00-14:30,19:00-23:00; Th-Sa 12:00-14:30,19:00-24:00",
12306708586,Dong,restaurant,,Standard,48.8582241,2.3516729,,,,
10691421957,Le P'tit Père,restaurant,,Standard,48.8658375,2.3956545,,,,
2025011388,Le Saint-Ferdinand,restaurant,,Standard,48.8778735,2.2875842,,,,
2867306998,Bolivar Atlas,restaurant,couscous,Standard,48.8765242,2.376691,,,off,
2781160733,Cantine Vagabonde,restaurant,,Standard,48.8850895,2.365182,,,,
6475763187,Sushi Villa,restaurant,japanese,Standard,48.8496366,2.3868176,"216, Rue du Faubourg Saint-Antoine",+33 1 43 48 66 05,"Mo-Fr 12:00-14:30,19:00-22:30; Sa,Su 19:00-22:30",
4986720699,Le Balto,restaurant,,Standard,48.8553897,2.3378192,,+33 1 44 07 12 37,Sa 10:00-02:00; Mo 10:00-17:00; Tu-Fr 08:00-02:00,
3657971149,Yasoya,restaurant,japanese,Standard,48.8596649,2.3507378,,,"Mo-Su 12:00-14:00, 18:00-22:00",
5957057685,Villa Papillon,restaurant,,Standard,48.8645842,2.3487441,,,,
3207973270,La Rêverie,restaurant,,Standard,48.8543688,2.3713042,,,,
3392606704,Max y Jeremy,restaurant,tapas,Standard,48.8651915,2.363272,,+331 42 78 00 68,,
9797562741,Le Pamela Popo,restaurant,french,Standard,48.8557871,2.3569772,,+33 1 42 74 14 65,Tu-Sa 19:00-02:00,
12421023826,The Butcher of Paris,restaurant,,Standard,48.8629627,2.3621214,,,,
6459434546,Festin de Chine,restaurant,,Standard,48.8780289,2.3691724,,,,
4070148957,Le Belleval,restaurant,,Standard,48.8751897,2.3221171,,,,
11491081133,Bachaumont,restaurant,,Standard,48.8661871,2.3450938,,,,
11727859942,,restaurant,,Standard,48.8926421,2.3268043,,,,
1549564718,Tthaï,restaurant,,Standard,48.8766859,2.2956221,,,,
1486313943,Chez Madame Gen,restaurant,,Standard,48.8735036,2.3525771,,,,
1668717671,Enkore - Bar Paris 18,restaurant,,Standard,48.894373,2.343245,"16, Rue Letort, 75018, Paris",+33 1 71 50 29 61,,
12066304401,Les filaos,restaurant,,Standard,48.8627691,2.2732462,,,,
11228043020,Kunchapai,restaurant,,Standard,48.8871633,2.312408,,+33142270707,,
5752357956,La Bigouden,restaurant,crepe;pancake,Standard,48.841699,2.3251107,,,Mo-Fr 11:30-15:00; Sa-Su 11:30-01:00,
2408026443,Monsieur,restaurant,french,Standard,48.8614479,2.372983,,,Mo-Su 10:00-02:00,
2204791454,Il Pinocchio,restaurant,italian;pizza,Standard,48.8675406,2.4005552,"115, Avenue Gambetta, 75020, Paris",+33143666963,"Mo-Su 12:00-15:00,18:00-23:00",
6893770636,Garum,restaurant,,Standard,48.8580444,2.3774134,"64, Rue Sedaine, 75011",,,
2349356972,Au Baobab,restaurant,,Standard,48.8891501,2.3600864,,,,
1986782615,Chez Loulou,restaurant,,Standard,48.8616342,2.3513346,,,,
3980826534,Sapporo,restaurant,,Standard,48.8644638,2.3331266,"276, Rue Saint-Honoré, 75001",,Mo-Su 11:30-22:30,
715744266,La Perle,restaurant,,Standard,48.8598113,2.3606767,"78, Rue Vieille du Temple, 75003, Paris",+33 1 42 72 69 93,"Mo-Fr 06:00-02:00, Sa-Su 08:00-02:00",
1676994737,L'île de Crête,restaurant,greek,Standard,48.8446176,2.3491298,,,,
4935628429,La Condesa,restaurant,,Standard,48.8785156,2.3427482,,,,
8895684618,Tra Di Noi,restaurant,italian;italian_pizza,Standard,48.8420916,2.2906852,,,,
5155766824,Cantine Primeur,restaurant,,Standard,48.8715339,2.3783078,"4, Rue Lemon, 75020, Paris",+33 1 71 70 95 28,"Mo-Su 12:00-15:00, Th-Sa 19:00-22:00",
6149719988,Gustoso,restaurant,italian,Standard,48.8760439,2.3696097,,,,
5253950789,Tibet Town,restaurant,,Standard,48.8816664,2.363983,,,Fr-We 12:00-22:30,
5442387132,SAaM,restaurant,korean,Standard,48.8721977,2.36272,"59 bis, Rue de Lancry, 75010, Paris",+33 9 83 50 84 94,"Tu-Sa 12:00-14:30,19:00-22:30",
5077321891,Le Golfe de Naples,restaurant,italian,Standard,48.8525514,2.3360026,,,,
